Light Intensity (% of scale max) Run #2,Position (m) Run #2,Light Intensity (% of scale max) Run #6,Position (m) Run #6,Light Intensity (% of scale max) Run #7,Position (m) Run #7,Light Intensity (% of scale max) Run #8,Position (m) Run #8,Light Intensity (% of scale max) Run #9,Position (m) Run #9
0.4,0,0.4,0,0.4,0,0.4,0,0.3,0
0.4,0,0.4,0,0.4,0,0.4,0,0.3,0
0.4,0,0.4,0,0.4,0,0.4,0,0.3,0
0.4,0,0.4,0,0.4,0,0.4,0,0.3,0
0.4,0,0.4,0,0.4,0,0.4,0,0.3,0
0.4,0,0.4,0,0.4,0,0.3,0,0.3,0
0.4,0,0.4,0,0.4,0,0.3,0,0.3,0
0.4,0,0.4,0,0.4,0,0.3,0,0.3,0
0.4,0,0.4,0,0.4,0,0.4,0,0.3,0
0.4,0,0.4,0,0.4,3.75E-05,0.3,0,0.3,0
0.4,0,0.4,0,0.4,3.75E-05,0.4,0,0.3,0
0.4,0,0.4,0,0.4,3.75E-05,0.4,0,0.3,0
0.4,0,0.4,0,0.4,3.75E-05,0.4,0,0.3,3.75E-05
0.4,0,0.4,0,0.4,3.75E-05,0.4,0,0.3,3.75E-05
0.4,0,0.4,0,0.4,3.75E-05,0.4,0,0.3,3.75E-05
0.4,0,0.4,0,0.4,3.75E-05,0.4,0,0.3,7.50E-05
0.4,3.75E-05,0.4,0,0.4,3.75E-05,0.4,0,0.3,7.50E-05
0.4,7.50E-05,0.4,0,0.4,3.75E-05,0.4,0,0.3,7.50E-05
0.4,7.50E-05,0.4,0,0.4,3.75E-05,0.4,0,0.3,7.50E-05
0.4,7.50E-05,0.4,0,0.4,3.75E-05,0.4,0,0.3,7.50E-05
0.4,7.50E-05,0.4,0,0.4,3.75E-05,0.3,0,0.3,7.50E-05
0.4,7.50E-05,0.4,0,0.4,3.75E-05,0.3,7.50E-05,0.3,7.50E-05
0.4,7.50E-05,0.4,0,0.4,7.50E-05,0.3,7.50E-05,0.3,7.50E-05
0.4,7.50E-05,0.4,0,0.4,7.50E-05,0.3,7.50E-05,0.3,7.50E-05
0.4,7.50E-05,0.4,0,0.4,7.50E-05,0.3,7.50E-05,0.3,7.50E-05
0.4,1.13E-04,0.4,0,0.4,7.50E-05,0.3,7.50E-05,0.3,1.13E-04
0.4,1.50E-04,0.4,0,0.4,7.50E-05,0.3,1.13E-04,0.3,1.13E-04
0.4,1.88E-04,0.4,0,0.4,7.50E-05,0.3,2.63E-04,0.3,1.13E-04
0.4,6.00E-04,0.4,0,0.4,7.50E-05,0.3,8.63E-04,0.3,1.13E-04
0.4,0.0015,0.4,0,0.4,1.13E-04,0.3,0.0015,0.3,1.13E-04
0.4,0.0016,0.4,3.75E-05,0.4,2.63E-04,0.3,0.0015,0.3,1.13E-04
0.4,0.0017,0.4,3.75E-05,0.4,2.63E-04,0.3,0.0016,0.3,1.13E-04
0.4,0.0022,0.4,3.75E-05,0.4,2.63E-04,0.3,0.0017,0.3,2.63E-04
0.4,0.003,0.4,7.50E-05,0.4,2.63E-04,0.3,0.0021,0.3,9.00E-04
0.4,0.0039,0.4,7.50E-05,0.4,2.63E-04,0.3,0.0023,0.3,9.75E-04
0.4,0.0047,0.4,7.50E-05,0.4,9.75E-04,0.3,0.0024,0.3,0.0016
0.4,0.0047,0.4,7.50E-05,0.4,0.001,0.3,0.0029,0.3,0.0019
0.4,0.0052,0.4,1.13E-04,0.4,0.001,0.3,0.0033,0.3,0.003
0.4,0.0053,0.4,1.13E-04,0.4,0.001,0.3,0.0035,0.3,0.0033
0.4,0.0057,0.4,1.13E-04,0.4,0.0013,0.3,0.0038,0.3,0.0041
0.4,0.006,0.4,1.13E-04,0.4,0.0027,0.3,0.004,0.3,0.0045
0.4,0.0063,0.4,8.63E-04,0.4,0.0038,0.3,0.0047,0.3,0.0047
0.4,0.0063,0.4,0.0011,0.4,0.0051,0.3,0.0051,0.3,0.0053
0.4,0.0063,0.4,0.0021,0.4,0.0051,0.3,0.0052,0.3,0.0054
0.4,0.0065,0.4,0.0024,0.4,0.0053,0.3,0.0055,0.3,0.0057
0.4,0.0066,0.4,0.003,0.4,0.0053,0.3,0.0058,0.3,0.0063
0.4,0.007,0.4,0.004,0.4,0.0053,0.3,0.0065,0.3,0.0065
0.4,0.0076,0.4,0.0048,0.4,0.0057,0.3,0.0069,0.3,0.0069
0.4,0.0088,0.4,0.005,0.4,0.0058,0.3,0.0071,0.3,0.0074
0.4,0.0095,0.4,0.0053,0.4,0.0063,0.3,0.0078,0.3,0.0083
0.4,0.0096,0.4,0.006,0.4,0.0063,0.3,0.008,0.3,0.0085
0.4,0.0102,0.4,0.007,0.4,0.0063,0.3,0.0087,0.3,0.0089
0.4,0.0108,0.4,0.0079,0.4,0.0069,0.3,0.0091,0.3,0.009
0.4,0.0112,0.4,0.0079,0.4,0.0073,0.3,0.0103,0.3,0.0102
0.4,0.0114,0.4,0.0079,0.4,0.009,0.3,0.0109,0.3,0.0108
0.4,0.0114,0.4,0.0081,0.4,0.0093,0.3,0.0114,0.2,0.0116
0.4,0.012,0.4,0.0083,0.4,0.0102,0.3,0.0117,0.2,0.0121
0.4,0.0123,0.4,0.0084,0.4,0.0103,0.3,0.0124,0.2,0.0122
0.4,0.0124,0.4,0.0084,0.4,0.0109,0.3,0.0129,0.2,0.0122
0.4,0.0132,0.4,0.0085,0.4,0.0114,0.3,0.0136,0.2,0.0123
0.4,0.0136,0.4,0.0086,0.4,0.0121,0.3,0.0139,0.2,0.0126
0.4,0.0145,0.4,0.0092,0.4,0.0128,0.3,0.0144,0.2,0.0129
0.4,0.0152,0.4,0.01,0.4,0.0133,0.3,0.0147,0.2,0.0129
0.4,0.0158,0.4,0.0112,0.4,0.0141,0.3,0.0152,0.2,0.0133
0.4,0.0162,0.4,0.0115,0.4,0.0145,0.3,0.0156,0.2,0.0144
0.4,0.0166,0.4,0.012,0.4,0.0151,0.3,0.0159,0.2,0.0147
0.4,0.0172,0.4,0.0129,0.4,0.0156,0.3,0.0159,0.2,0.0154
0.4,0.0176,0.4,0.0139,0.4,0.0163,0.3,0.0162,0.2,0.016
0.4,0.0178,0.4,0.0144,0.4,0.0171,0.3,0.0163,0.2,0.0165
0.4,0.018,0.4,0.0145,0.4,0.0175,0.3,0.0163,0.2,0.017
0.4,0.0183,0.4,0.0147,0.4,0.0175,0.3,0.0167,0.2,0.0172
0.4,0.0189,0.4,0.0148,0.4,0.0177,0.3,0.0168,0.2,0.0174
0.4,0.0206,0.4,0.0151,0.4,0.0178,0.3,0.0171,0.2,0.0175
0.5,0.0219,0.4,0.0154,0.4,0.0181,0.3,0.0174,0.2,0.0177
0.5,0.0224,0.4,0.0162,0.4,0.0183,0.3,0.0177,0.2,0.0177
0.5,0.0228,0.4,0.0175,0.4,0.0186,0.3,0.0179,0.2,0.0177
0.5,0.0231,0.4,0.0176,0.4,0.019,0.3,0.0183,0.2,0.0177
0.5,0.0236,0.4,0.0176,0.4,0.0205,0.3,0.0183,0.2,0.0177
0.5,0.0241,0.4,0.0177,0.4,0.0208,0.3,0.0183,0.2,0.0178
0.5,0.0247,0.4,0.018,0.4,0.022,0.3,0.0183,0.2,0.0179
0.5,0.0252,0.4,0.0184,0.4,0.0223,0.3,0.0184,0.2,0.0185
0.5,0.0256,0.4,0.0192,0.4,0.0231,0.3,0.0189,0.2,0.0188
0.5,0.0263,0.4,0.0215,0.4,0.0237,0.3,0.0203,0.2,0.0196
0.4,0.0269,0.4,0.0217,0.4,0.0246,0.3,0.0214,0.2,0.0213
0.4,0.0273,0.4,0.0217,0.4,0.0254,0.3,0.0223,0.2,0.0218
0.4,0.0277,0.4,0.0218,0.4,0.0262,0.3,0.0226,0.2,0.0225
0.4,0.0279,0.4,0.0221,0.4,0.027,0.3,0.0234,0.2,0.0231
0.4,0.0283,0.4,0.0232,0.4,0.0273,0.3,0.0235,0.2,0.0235
0.4,0.0283,0.4,0.0249,0.4,0.0277,0.3,0.024,0.2,0.0237
0.4,0.0286,0.4,0.0257,0.4,0.028,0.3,0.0244,0.2,0.0244
0.4,0.0288,0.4,0.0261,0.4,0.0285,0.3,0.025,0.2,0.0247
0.5,0.0299,0.4,0.0261,0.4,0.0288,0.3,0.0253,0.2,0.0253
0.5,0.0309,0.4,0.0264,0.4,0.0301,0.3,0.0257,0.2,0.0259
0.5,0.0312,0.4,0.0265,0.4,0.0305,0.3,0.0261,0.2,0.0271
0.5,0.0312,0.4,0.0265,0.4,0.0314,0.3,0.0264,0.2,0.0279
0.5,0.0315,0.4,0.0265,0.4,0.0315,0.3,0.0266,0.2,0.0285
0.5,0.032,0.4,0.0265,0.4,0.0321,0.3,0.0271,0.2,0.0289
0.5,0.0328,0.4,0.0265,0.4,0.0327,0.3,0.0274,0.2,0.0299
0.5,0.0337,0.4,0.0265,0.4,0.0338,0.3,0.0277,0.2,0.0311
0.4,0.0348,0.4,0.0265,0.4,0.0348,0.3,0.0279,0.2,0.0314
0.4,0.0349,0.4,0.0265,0.4,0.0355,0.3,0.028,0.2,0.0328
0.4,0.0358,0.4,0.0265,0.4,0.0359,0.3,0.028,0.1,0.0335
0.4,0.036,0.4,0.0265,0.4,0.0359,0.3,0.028,0.1,0.0343
0.4,0.0363,0.4,0.0265,0.4,0.0363,0.3,0.028,0.1,0.0349
0.4,0.0368,0.4,0.0265,0.4,0.0363,0.3,0.0285,0.1,0.0356
0.4,0.0369,0.4,0.0265,0.4,0.0365,0.3,0.0289,0.1,0.0358
0.4,0.037,0.4,0.0264,0.4,0.0365,0.3,0.0294,0.1,0.036
0.4,0.0372,0.4,0.0264,0.4,0.0365,0.3,0.0312,0.1,0.0364
0.4,0.0373,0.4,0.0264,0.4,0.0365,0.3,0.0314,0.1,0.0366
0.4,0.0377,0.4,0.0264,0.4,0.0365,0.3,0.0314,0.1,0.0366
0.4,0.0382,0.4,0.0268,0.4,0.0365,0.3,0.0314,0.1,0.0367
0.4,0.0402,0.4,0.0279,0.4,0.0365,0.3,0.0318,0.1,0.0367
0.4,0.0411,0.4,0.0284,0.4,0.0365,0.3,0.033,0.1,0.0367
0.4,0.0418,0.4,0.0286,0.4,0.0365,0.3,0.0338,0.1,0.0368
0.4,0.0421,0.4,0.0286,0.4,0.0365,0.3,0.0346,0.1,0.0368
0.4,0.0425,0.4,0.0288,0.4,0.0365,0.3,0.0348,0.1,0.0369
0.4,0.0429,0.4,0.0289,0.4,0.0365,0.3,0.0355,0.1,0.037
0.4,0.0441,0.4,0.0295,0.4,0.0365,0.3,0.0359,0.1,0.0371
0.4,0.0452,0.4,0.0301,0.4,0.0365,0.3,0.0362,0.1,0.0371
0.4,0.0462,0.4,0.0311,0.4,0.0365,0.3,0.0365,0.1,0.0374
0.4,0.0468,0.4,0.0313,0.4,0.0365,0.3,0.0366,0.1,0.0374
0.4,0.0471,0.4,0.0315,0.4,0.0365,0.3,0.0366,0.1,0.0377
0.5,0.0478,0.4,0.0321,0.4,0.0365,0.3,0.0367,0.1,0.038
0.6,0.0486,0.4,0.0329,0.4,0.0365,0.3,0.0368,0.1,0.0384
0.7,0.0496,0.4,0.0337,0.4,0.0365,0.3,0.0368,0.1,0.0406
0.7,0.0501,0.4,0.0344,0.4,0.0365,0.3,0.0368,0.1,0.041
0.7,0.0508,0.4,0.0347,0.4,0.0365,0.3,0.0368,0.1,0.0411
0.7,0.0515,0.4,0.0347,0.4,0.0365,0.3,0.0368,0.1,0.0411
0.6,0.0522,0.4,0.0347,0.4,0.0365,0.3,0.037,0.1,0.0414
0.5,0.0529,0.4,0.0347,0.4,0.0367,0.3,0.0372,0.1,0.0415
0.5,0.0535,0.4,0.035,0.4,0.0367,0.3,0.0372,0.1,0.0424
0.4,0.0539,0.4,0.0354,0.4,0.0369,0.3,0.0372,0.1,0.0426
0.4,0.0543,0.4,0.0357,0.4,0.0371,0.3,0.0373,0.1,0.044
0.4,0.0548,0.4,0.0358,0.4,0.0373,0.3,0.0373,0.1,0.0442
0.4,0.0549,0.4,0.0358,0.4,0.0373,0.3,0.0374,0.1,0.0456
0.4,0.0555,0.4,0.0362,0.4,0.0373,0.3,0.0374,0.1,0.0459
0.5,0.0561,0.4,0.0366,0.4,0.0374,0.3,0.0374,0.1,0.0465
0.6,0.0571,0.4,0.0367,0.4,0.0375,0.3,0.0375,0.1,0.0466
0.7,0.0574,0.4,0.0367,0.4,0.0376,0.3,0.0375,0.1,0.0476
0.8,0.0579,0.4,0.0368,0.4,0.0376,0.3,0.0375,0.1,0.0478
0.8,0.0581,0.4,0.0369,0.4,0.0376,0.3,0.0375,0.1,0.0493
0.8,0.0584,0.4,0.0369,0.4,0.0377,0.3,0.0377,0.1,0.0496
0.8,0.0585,0.4,0.037,0.4,0.0377,0.3,0.0389,0.1,0.05
0.8,0.0591,0.4,0.037,0.4,0.0377,0.3,0.0395,0.1,0.0507
0.8,0.0591,0.4,0.037,0.4,0.0379,0.3,0.0395,0.1,0.0514
0.8,0.0594,0.4,0.037,0.4,0.0382,0.3,0.0394,0.1,0.0517
0.8,0.0594,0.4,0.037,0.4,0.0388,0.3,0.0394,0.1,0.0522
0.8,0.0597,0.4,0.037,0.4,0.0393,0.3,0.0394,0.1,0.0527
0.8,0.0598,0.4,0.037,0.4,0.04,0.3,0.0394,0.1,0.0532
0.8,0.0599,0.4,0.037,0.4,0.0407,0.3,0.0394,0.1,0.0538
0.8,0.06,0.4,0.037,0.4,0.0413,0.3,0.0394,0.1,0.0543
0.7,0.0605,0.4,0.037,0.4,0.0419,0.3,0.0394,0.1,0.0551
0.6,0.0614,0.4,0.037,0.4,0.0425,0.3,0.0394,0.1,0.0555
0.5,0.0619,0.4,0.037,0.4,0.0437,0.3,0.0394,0.1,0.056
0.5,0.0621,0.4,0.037,0.4,0.0448,0.3,0.0394,0.1,0.0569
0.5,0.0622,0.4,0.037,0.4,0.0458,0.3,0.0394,0.1,0.0573
0.4,0.0628,0.4,0.037,0.4,0.0466,0.3,0.0394,0.1,0.0583
0.4,0.0639,0.4,0.037,0.4,0.0471,0.3,0.0394,0.1,0.059
0.4,0.0644,0.4,0.0377,0.4,0.0478,0.3,0.0394,0.1,0.0597
0.4,0.0644,0.4,0.0389,0.4,0.0485,0.3,0.0397,0.1,0.06
0.4,0.0643,0.4,0.0405,0.4,0.0493,0.3,0.0405,0.1,0.0608
0.4,0.0643,0.4,0.0405,0.4,0.0495,0.3,0.0408,0.1,0.0611
0.4,0.0643,0.4,0.0407,0.4,0.05,0.3,0.0417,0.1,0.062
0.4,0.0643,0.4,0.041,0.4,0.0503,0.3,0.0417,0.1,0.062
0.4,0.0643,0.4,0.0413,0.4,0.0511,0.3,0.042,0.1,0.0621
0.4,0.0643,0.4,0.0417,0.4,0.0516,0.3,0.0426,0.1,0.0622
0.4,0.0643,0.4,0.0419,0.4,0.0525,0.3,0.0436,0.1,0.0625
0.4,0.0643,0.4,0.0422,0.4,0.0532,0.3,0.0446,0.1,0.0625
0.4,0.0643,0.4,0.0423,0.4,0.054,0.3,0.0452,0.1,0.0626
0.4,0.0643,0.4,0.0432,0.4,0.0551,0.3,0.046,0.1,0.0625
0.4,0.0643,0.4,0.0438,0.4,0.0555,0.3,0.0463,0.1,0.0625
0.4,0.0643,0.4,0.0439,0.4,0.0569,0.3,0.0471,0.1,0.0625
0.4,0.0644,0.4,0.0443,0.4,0.0573,0.3,0.0473,0.1,0.0625
0.4,0.0644,0.4,0.0446,0.4,0.0582,0.3,0.048,0.1,0.0625
0.4,0.0644,0.4,0.0448,0.4,0.0587,0.3,0.0484,0.1,0.0625
0.4,0.0644,0.4,0.0452,0.4,0.0593,0.3,0.0489,0.1,0.0625
0.4,0.0644,0.4,0.0454,0.4,0.0602,0.3,0.0495,0.1,0.0625
0.4,0.0644,0.4,0.0456,0.4,0.0606,0.3,0.0496,0.1,0.0625
0.4,0.0644,0.4,0.0461,0.4,0.0616,0.3,0.0497,0.1,0.0625
0.4,0.0644,0.4,0.0461,0.4,0.062,0.3,0.05,0.1,0.0625
0.4,0.0645,0.4,0.0462,0.4,0.0628,0.3,0.0505,0.1,0.0625
0.4,0.0654,0.4,0.0465,0.4,0.063,0.3,0.0506,0.1,0.0625
0.4,0.066,0.4,0.0468,0.4,0.064,0.3,0.0509,0.1,0.0625
0.4,0.066,0.4,0.0473,0.4,0.0643,0.3,0.0509,0.1,0.0625
0.4,0.066,0.4,0.0476,0.4,0.0657,0.3,0.0512,0.1,0.0625
0.4,0.0663,0.4,0.0481,0.4,0.066,0.3,0.052,0.1,0.0625
0.4,0.0667,0.4,0.0487,0.4,0.0669,0.3,0.0529,0.1,0.0625
0.4,0.0668,0.4,0.0492,0.4,0.0672,0.3,0.053,0.1,0.0625
0.4,0.0671,0.4,0.0495,0.4,0.0675,0.3,0.054,0.1,0.0625
0.4,0.0678,0.4,0.0495,0.4,0.0677,0.3,0.0544,0.1,0.0625
0.4,0.0684,0.4,0.0496,0.4,0.0679,0.3,0.0553,0.1,0.0625
0.4,0.0688,0.4,0.05,0.4,0.0683,0.3,0.056,0.1,0.0625
0.4,0.069,0.4,0.0503,0.4,0.0684,0.3,0.0565,0.1,0.0626
0.4,0.0693,0.4,0.0507,0.4,0.0687,0.3,0.057,0.1,0.0626
0.4,0.0702,0.4,0.0511,0.4,0.0688,0.3,0.0576,0.1,0.0626
0.4,0.0705,0.4,0.0513,0.4,0.0697,0.3,0.0586,0.1,0.0626
0.4,0.0708,0.4,0.0516,0.4,0.0702,0.3,0.0593,0.1,0.0629
0.4,0.0712,0.4,0.0521,0.4,0.0702,0.3,0.0602,0.1,0.063
0.4,0.0722,0.4,0.0525,0.4,0.0701,0.3,0.0605,0.1,0.0634
0.4,0.0727,0.4,0.0528,0.4,0.0701,0.3,0.0608,0.1,0.0635
0.5,0.0732,0.4,0.0533,0.4,0.0701,0.3,0.0614,0.1,0.0638
0.7,0.0741,0.4,0.0533,0.4,0.0701,0.3,0.0622,0.1,0.0648
0.9,0.0746,0.4,0.0533,0.4,0.0701,0.3,0.0626,0.1,0.0659
1.2,0.075,0.4,0.0534,0.4,0.0701,0.3,0.0633,0.1,0.0663
1.4,0.0755,0.4,0.0534,0.4,0.0701,0.3,0.0644,0.1,0.0665
1.8,0.0768,0.4,0.0534,0.4,0.0701,0.3,0.0658,0.1,0.0668
2.1,0.0771,0.4,0.0534,0.4,0.0702,0.3,0.0668,0.1,0.0671
2,0.0782,0.4,0.0538,0.4,0.0702,0.3,0.0674,0.1,0.0675
1.8,0.079,0.4,0.054,0.4,0.0702,0.3,0.0681,0.1,0.068
0.8,0.0803,0.4,0.0546,0.4,0.0702,0.3,0.0688,0.1,0.0681
0.7,0.0805,0.4,0.055,0.4,0.0706,0.3,0.0693,0.1,0.0685
0.6,0.0816,0.4,0.0559,0.4,0.0723,0.3,0.0703,0.1,0.0688
1.2,0.082,0.4,0.0562,0.4,0.0731,0.3,0.0708,0.1,0.0692
2.1,0.0829,0.4,0.0566,0.4,0.0735,0.3,0.0717,0.1,0.0699
2.4,0.0833,0.4,0.0569,0.4,0.0737,0.3,0.0726,0.1,0.0704
4.2,0.084,0.4,0.0572,0.4,0.074,0.3,0.0732,0.1,0.0708
4.8,0.0844,0.4,0.0575,0.4,0.0744,0.3,0.0736,0.1,0.0711
5.9,0.0849,0.4,0.0577,0.4,0.0745,0.3,0.0741,0.1,0.0718
6.4,0.0856,0.4,0.0579,0.4,0.0746,0.3,0.0747,0.1,0.0723
6.5,0.0864,0.4,0.0584,0.4,0.0746,0.3,0.075,0.1,0.0725
6,0.0868,0.4,0.0585,0.4,0.0752,0.3,0.0752,0.1,0.0728
5.8,0.0869,0.4,0.0586,0.4,0.0755,0.3,0.0754,0.1,0.0731
5.1,0.0873,0.4,0.0588,0.4,0.0762,0.3,0.0755,0.1,0.0734
4.9,0.0875,0.4,0.059,0.4,0.0763,0.3,0.0757,0.1,0.0739
4.4,0.0877,0.4,0.0596,0.4,0.0767,0.3,0.0758,0.1,0.0743
3.8,0.0879,0.4,0.0599,0.4,0.0768,0.3,0.0762,0.1,0.0745
2.8,0.0885,0.4,0.0606,0.4,0.0774,0.3,0.0767,0.1,0.0747
2.3,0.089,0.4,0.0608,0.4,0.078,0.3,0.0768,0.1,0.075
0.8,0.0898,0.4,0.0615,0.4,0.0786,0.3,0.0768,0.1,0.0755
0.9,0.0904,0.4,0.0616,0.4,0.079,0.3,0.0768,0.1,0.0757
1.2,0.0909,0.4,0.0621,0.4,0.0794,0.3,0.0768,0.1,0.0758
2.6,0.0913,0.4,0.0622,0.4,0.0798,0.3,0.0768,0.1,0.076
3.5,0.0918,0.4,0.0628,0.4,0.0802,0.3,0.0768,0.1,0.0763
6,0.0925,0.4,0.0628,0.4,0.081,0.3,0.0767,0.1,0.0765
7.1,0.093,0.4,0.0628,0.4,0.0813,0.3,0.0767,0.1,0.0767
8.7,0.0939,0.4,0.0628,0.4,0.0825,0.3,0.0767,0.1,0.0768
9.4,0.0943,0.4,0.0628,0.4,0.0828,0.3,0.0768,0.1,0.0771
9.3,0.0948,0.4,0.0633,0.4,0.0836,0.3,0.0767,0.1,0.0774
8.1,0.096,0.4,0.0634,0.4,0.0838,0.3,0.0768,0.1,0.0779
6.2,0.0963,0.4,0.0637,0.4,0.0843,0.3,0.0768,0.1,0.079
4.3,0.0972,0.4,0.0637,0.4,0.0848,0.3,0.0768,0.1,0.0792
1.4,0.098,0.4,0.0642,0.4,0.0851,0.3,0.0768,0.1,0.0801
0.8,0.0989,0.4,0.0642,0.4,0.0856,0.3,0.0768,0.1,0.0801
0.8,0.0991,0.4,0.0653,0.4,0.086,0.3,0.0768,0.1,0.0809
1.6,0.0996,0.4,0.0657,0.4,0.0863,0.3,0.0777,0.1,0.0813
2.9,0.1005,0.4,0.0658,0.4,0.087,0.3,0.0779,0.1,0.0821
4.2,0.1012,0.4,0.0658,0.4,0.0871,0.3,0.0789,0.1,0.0822
6.1,0.102,0.4,0.0658,0.4,0.0876,0.3,0.0789,0.1,0.0822
6.6,0.1031,0.4,0.0663,0.4,0.0878,0.3,0.0791,0.1,0.0826
5.2,0.1041,0.4,0.0665,0.4,0.0883,0.3,0.0792,0.1,0.0829
4.2,0.1049,0.4,0.0666,0.4,0.0887,0.3,0.0795,0.1,0.0835
3.7,0.1053,0.4,0.0668,0.4,0.0902,0.3,0.0804,0.1,0.0839
3,0.1054,0.4,0.067,0.4,0.0906,0.3,0.0805,0.1,0.0844
2.5,0.1058,0.4,0.067,0.4,0.0907,0.3,0.0811,0.1,0.0852
2.2,0.1061,0.4,0.0675,0.4,0.0907,0.3,0.0811,0.1,0.0856
1.6,0.1064,0.4,0.0677,0.4,0.091,0.3,0.0821,0.1,0.0857
1.3,0.1066,0.4,0.0682,0.4,0.0912,0.3,0.0826,0.1,0.0858
1.1,0.1069,0.4,0.0686,0.4,0.0918,0.3,0.0831,0.1,0.0859
0.7,0.1074,0.4,0.0689,0.4,0.0923,0.3,0.0833,0.1,0.0866
0.6,0.1076,0.4,0.0694,0.4,0.0928,0.3,0.0841,0.1,0.0868
0.6,0.1079,0.4,0.0697,0.5,0.0932,0.3,0.0844,0.1,0.0874
0.6,0.1081,0.4,0.0704,0.5,0.0932,0.3,0.0849,0.1,0.0882
0.7,0.1084,0.4,0.0709,0.5,0.0932,0.3,0.085,0.1,0.0886
0.7,0.1085,0.4,0.0713,0.5,0.0932,0.3,0.0854,0.1,0.0889
0.8,0.1086,0.4,0.0716,0.5,0.0935,0.3,0.0861,0.1,0.0896
1.1,0.1091,0.4,0.0723,0.6,0.0937,0.3,0.0864,0.1,0.0903
1.4,0.1097,0.4,0.0726,0.7,0.0943,0.3,0.0864,0.1,0.0912
1.7,0.11,0.4,0.0733,0.8,0.095,0.3,0.087,0.1,0.0912
1.9,0.1104,0.4,0.0735,0.8,0.0953,0.3,0.0873,0.1,0.0918
2.1,0.111,0.4,0.074,0.7,0.096,0.3,0.0877,0.1,0.0925
2.2,0.1111,0.4,0.0742,0.6,0.0963,0.3,0.0877,0.1,0.0932
2.2,0.1113,0.4,0.0745,0.5,0.0971,0.3,0.0878,0.1,0.0936
2.2,0.1114,0.4,0.0745,0.5,0.0971,0.3,0.088,0.1,0.094
2.2,0.1115,0.4,0.0745,0.7,0.0976,0.3,0.0882,0.1,0.0942
2.2,0.1116,0.4,0.0746,1.3,0.0981,0.3,0.0887,0.1,0.0946
2.2,0.1117,0.4,0.0749,1.6,0.0988,0.3,0.0888,0.1,0.0948
2,0.1122,0.4,0.0751,1.9,0.0992,0.4,0.0898,0.1,0.0958
2,0.1124,0.4,0.0752,2.2,0.0994,0.4,0.09,0.1,0.096
2,0.1124,0.4,0.0756,2.2,0.0999,0.4,0.0904,0.1,0.0964
1.8,0.1126,0.4,0.0757,2.1,0.1,0.4,0.0904,0.2,0.0967
1.7,0.1129,0.4,0.076,1.4,0.1007,0.4,0.0904,0.2,0.0973
1.5,0.113,0.4,0.0761,1.2,0.1009,0.4,0.0907,0.2,0.0973
1.2,0.1138,0.4,0.0761,1,0.1011,0.3,0.0912,0.2,0.0975
1.2,0.114,0.4,0.0761,0.8,0.1013,0.4,0.0921,0.2,0.0978
0.7,0.1149,0.4,0.0766,0.7,0.1017,0.4,0.0925,0.1,0.0985
0.5,0.1156,0.4,0.0768,0.7,0.1023,0.4,0.093,0.1,0.099
0.5,0.1162,0.4,0.0768,0.9,0.1023,0.4,0.0931,0.2,0.0991
0.4,0.1168,0.4,0.0768,1,0.1025,0.4,0.0933,0.2,0.0992
0.4,0.1171,0.4,0.0767,1.3,0.1029,0.4,0.0936,0.2,0.0993
0.4,0.1174,0.4,0.0767,2.6,0.1034,0.4,0.094,0.2,0.0997
0.4,0.1179,0.4,0.0767,3.2,0.104,0.3,0.0945,0.3,0.1004
0.4,0.1182,0.4,0.0767,3.3,0.1044,0.3,0.0952,0.3,0.1011
0.4,0.1189,0.4,0.0766,3.2,0.1047,0.3,0.0954,0.2,0.1015
0.4,0.1197,0.4,0.0766,3,0.1049,0.3,0.0959,1.1,0.1026
0.4,0.1203,0.4,0.0766,2.8,0.105,0.3,0.0964,1.1,0.1026
0.4,0.1207,0.4,0.0766,2.1,0.1055,0.3,0.0965,1.1,0.1026
0.4,0.1211,0.4,0.0766,1.3,0.106,0.3,0.0968,1.2,0.1026
0.4,0.1215,0.4,0.0766,1,0.1062,0.3,0.0971,1.6,0.1027
0.4,0.1217,0.4,0.0766,0.9,0.1063,0.3,0.0973,3.5,0.1034
0.4,0.1226,0.4,0.0767,0.9,0.1063,0.4,0.0975,6.1,0.1038
0.4,0.123,0.4,0.0767,0.9,0.1063,0.4,0.0976,6.9,0.1044
0.4,0.124,0.4,0.0767,0.9,0.1063,0.6,0.0981,6.8,0.1047
0.4,0.1242,0.4,0.0767,0.8,0.1068,0.7,0.0984,7.2,0.1048
0.4,0.1243,0.4,0.0767,1.2,0.1073,0.8,0.0984,7.2,0.1048
0.4,0.1246,0.4,0.0767,1.7,0.1079,0.9,0.0989,7.1,0.1048
0.4,0.1248,0.4,0.0767,2,0.1081,0.9,0.099,7.1,0.1049
0.4,0.1248,0.4,0.0773,2.6,0.1083,0.8,0.0993,7.1,0.105
0.4,0.1252,0.4,0.0783,2.5,0.1083,0.8,0.0997,5.7,0.1054
0.4,0.1258,0.4,0.0788,2.3,0.1083,0.7,0.1003,4.1,0.1059
0.5,0.1264,0.4,0.0788,2.3,0.1083,1,0.1008,3.5,0.1063
0.5,0.1265,0.4,0.0788,2.3,0.1083,2.1,0.1012,2.5,0.1065
0.5,0.127,0.4,0.0789,2.3,0.1083,2.3,0.1014,1,0.1072
0.6,0.1276,0.4,0.0794,2.5,0.1086,2.9,0.1017,0.5,0.1075
0.7,0.1287,0.4,0.0795,2.6,0.1089,2.9,0.102,0.4,0.1078
0.8,0.1292,0.4,0.0798,2.6,0.1092,2.3,0.1027,0.4,0.1078
0.8,0.1299,0.4,0.0798,2.5,0.1095,1.7,0.1029,0.4,0.1081
0.8,0.1303,0.4,0.0799,2.5,0.1096,1.6,0.103,0.4,0.1085
0.8,0.1305,0.4,0.0801,2.5,0.1096,1.6,0.1032,0.5,0.1089
0.8,0.131,0.4,0.0803,2.5,0.1096,1.6,0.1032,0.4,0.1095
0.7,0.1315,0.4,0.0808,2.3,0.11,1.6,0.1033,0.3,0.1095
0.6,0.1318,0.4,0.0809,1.9,0.1101,1.6,0.1033,0.3,0.1095
0.5,0.133,0.4,0.0811,1,0.1111,1.7,0.1033,0.3,0.1095
0.5,0.133,0.4,0.0812,0.7,0.1114,2.6,0.1038,0.3,0.1099
0.4,0.1335,0.4,0.0816,0.7,0.1118,3.6,0.1042,0.2,0.1105
0.4,0.1334,0.4,0.082,0.7,0.1119,3.8,0.1053,0.2,0.1115
0.4,0.1334,0.4,0.083,0.8,0.1121,3.4,0.1054,0.2,0.1115
0.4,0.1334,0.4,0.0832,1,0.1123,2.6,0.1057,0.2,0.1115
0.4,0.1334,0.4,0.0837,1.2,0.1128,2.6,0.1057,0.2,0.1115
0.4,0.1334,0.4,0.0838,1.2,0.113,2.5,0.1058,0.2,0.1115
0.4,0.1334,0.4,0.0844,1.3,0.1131,2,0.106,0.2,0.1115
0.4,0.1334,0.4,0.0845,1.3,0.1132,2.2,0.1066,0.2,0.1116
0.4,0.1334,0.4,0.085,1.3,0.1135,2.8,0.1069,0.2,0.1116
0.4,0.1334,0.4,0.0854,1.2,0.1137,3.9,0.1074,0.3,0.1116
0.4,0.1334,0.4,0.0859,1.1,0.1143,3.9,0.1077,0.3,0.1117
0.4,0.1334,0.4,0.086,1.1,0.1143,3.5,0.108,0.2,0.1121
0.4,0.1334,0.4,0.0861,0.6,0.1153,3.4,0.1081,0.2,0.1126
0.4,0.1334,0.4,0.0862,0.5,0.1158,3.3,0.1081,0.2,0.1128
0.4,0.1334,0.4,0.0866,0.4,0.1161,3.2,0.1081,0.2,0.113
0.4,0.1334,0.4,0.0869,0.4,0.1161,3.1,0.1081,0.1,0.1138
0.4,0.134,0.4,0.0869,0.4,0.1161,3,0.1082,0.2,0.1139
0.4,0.1347,0.4,0.0871,0.4,0.1162,2.5,0.1084,0.2,0.114
0.5,0.1356,0.4,0.0873,0.4,0.1167,2.2,0.1084,0.2,0.114
0.6,0.136,0.5,0.0881,0.4,0.117,1.2,0.1092,0.2,0.1141
0.6,0.136,0.5,0.0884,0.4,0.117,1.2,0.1093,0.2,0.1147
0.6,0.1365,0.5,0.0891,0.4,0.1172,1.2,0.1093,0.2,0.1154
0.7,0.1372,0.5,0.0891,0.4,0.1172,1.3,0.1099,0.2,0.1156
0.7,0.1378,0.6,0.0894,0.4,0.1172,1.5,0.1101,0.1,0.1158
0.7,0.1385,0.6,0.0899,0.4,0.1172,1.5,0.1103,0.1,0.116
0.7,0.1391,0.7,0.0904,0.4,0.1172,1.6,0.1103,0.1,0.1164
0.6,0.1401,0.7,0.0907,0.4,0.1172,1.5,0.1103,0.1,0.1168
0.5,0.1411,0.7,0.0912,0.4,0.1172,1.3,0.111,0.2,0.117
0.4,0.1417,0.7,0.0915,0.4,0.1172,1.2,0.1111,0.2,0.117
0.4,0.1422,0.6,0.0921,0.4,0.1172,0.8,0.1115,0.2,0.1172
0.4,0.1429,0.6,0.0924,0.4,0.1172,0.7,0.1117,0.2,0.1172
0.4,0.1438,0.6,0.0925,0.4,0.1176,0.5,0.1121,0.2,0.1173
0.4,0.1444,0.5,0.0929,0.4,0.1176,0.4,0.1123,0.2,0.1174
0.4,0.1447,0.5,0.0929,0.4,0.1176,0.4,0.1129,0.2,0.1174
0.4,0.1449,0.5,0.0931,0.4,0.1176,0.4,0.1129,0.2,0.1175
0.4,0.1456,0.5,0.0931,0.4,0.1176,0.4,0.1129,0.2,0.1175
0.4,0.1467,0.5,0.0931,0.4,0.1176,0.4,0.1129,0.2,0.1175
0.4,0.1479,0.5,0.0933,0.4,0.1176,0.4,0.1129,0.2,0.1175
0.4,0.1485,0.5,0.0933,0.4,0.1176,0.3,0.1133,0.2,0.1175
0.4,0.1492,0.5,0.0934,0.4,0.1179,0.3,0.1138,0.2,0.1175
0.4,0.1492,0.5,0.0938,0.4,0.1183,0.3,0.114,0.2,0.1175
0.4,0.1493,0.5,0.0939,0.4,0.1189,0.3,0.1143,0.2,0.1176
0.4,0.1494,0.5,0.0939,0.4,0.1191,0.3,0.1143,0.2,0.1178
0.4,0.15,0.5,0.0939,0.4,0.1194,0.3,0.1144,0.1,0.1183
0.4,0.1506,0.5,0.0943,0.4,0.1195,0.4,0.115,0.1,0.1188
0.4,0.1509,0.8,0.0951,0.4,0.1203,0.4,0.1152,0.1,0.1191
0.4,0.1512,1.1,0.0959,0.4,0.1203,0.4,0.1152,0.1,0.1201
0.4,0.1515,1.2,0.0961,0.4,0.1207,0.4,0.1153,0.1,0.1204
0.4,0.1521,1.3,0.0963,0.4,0.1207,0.4,0.1154,0.1,0.1209
0.4,0.1528,1.3,0.0963,0.4,0.1213,0.4,0.1154,0.1,0.1213
0.4,0.153,1.5,0.0969,0.4,0.1214,0.4,0.1155,0.1,0.122
0.4,0.153,1.6,0.0971,0.4,0.1215,0.5,0.1156,0.1,0.1227
0.4,0.153,1.6,0.0975,0.4,0.1217,0.5,0.1162,0.1,0.123
0.4,0.1529,1.6,0.0977,0.4,0.122,0.6,0.1166,0.1,0.1234
0.4,0.1529,1.6,0.0978,0.4,0.122,0.5,0.1167,0.1,0.1237
0.4,0.1529,1.6,0.098,0.5,0.1223,0.5,0.1168,0.1,0.124
0.4,0.1529,1.4,0.0984,0.5,0.1231,0.5,0.117,0.1,0.1242
0.4,0.1529,1.3,0.0988,0.6,0.1236,0.5,0.117,0.1,0.1244
0.4,0.1529,1.1,0.0991,0.6,0.124,0.5,0.117,0.1,0.1249
0.4,0.1529,1.1,0.0991,0.6,0.1241,0.5,0.117,0.1,0.1254
0.4,0.1529,1.1,0.0991,0.6,0.1242,0.5,0.1171,0.1,0.126
0.5,0.1529,1.1,0.0991,0.6,0.1243,0.5,0.1173,0.1,0.1261
0.5,0.1529,1,0.0992,0.6,0.1243,0.5,0.1174,0.1,0.1266
0.5,0.1529,0.9,0.0994,0.6,0.1243,0.4,0.1176,0.1,0.1266
0.5,0.1529,0.9,0.0996,0.6,0.1243,0.4,0.1176,0.1,0.1269
0.5,0.1529,0.8,0.0997,0.6,0.1243,0.4,0.1176,0.1,0.1271
0.5,0.1529,0.8,0.0998,0.6,0.1244,0.4,0.1176,0.1,0.1278
0.5,0.1529,0.8,0.0998,0.6,0.1246,0.4,0.1176,0.1,0.1282
0.5,0.1529,0.7,0.0999,0.5,0.1251,0.4,0.1176,0.1,0.1282
0.5,0.1529,0.7,0.0999,0.5,0.1255,0.4,0.1179,0.1,0.129
0.5,0.1529,0.7,0.0999,0.4,0.126,0.5,0.1185,0.1,0.1292
0.5,0.1529,0.6,0.1002,0.4,0.1262,0.6,0.1191,0.1,0.1296
0.5,0.1529,0.5,0.1005,0.5,0.1269,0.5,0.1199,0.1,0.1301
0.5,0.1529,0.5,0.1011,0.6,0.1275,0.5,0.1201,0.1,0.1301
0.5,0.1529,0.6,0.1013,0.6,0.1282,0.4,0.1202,0.1,0.1303
0.5,0.1529,0.8,0.1016,0.6,0.1289,0.4,0.1204,0.1,0.1308
0.5,0.1529,0.9,0.1018,0.5,0.1295,0.4,0.1206,0.1,0.1312
,,1.1,0.1023,0.5,0.13,0.3,0.1212,0.1,0.1315
,,1.7,0.1027,0.5,0.13,0.3,0.1217,0.1,0.1318
,,1.8,0.1028,0.5,0.13,0.3,0.1222,0.1,0.1326
,,1.8,0.1029,0.5,0.13,0.3,0.1222,0.1,0.1326
,,2.1,0.1031,0.5,0.13,0.3,0.1231,0.1,0.1334
,,2.1,0.1032,0.5,0.1302,0.3,0.1235,0.1,0.1336
,,2.4,0.1036,0.4,0.1308,0.3,0.1236,0.1,0.1342
,,2.4,0.1036,0.4,0.1308,0.4,0.1238,0.1,0.1349
,,2.4,0.1036,0.4,0.1309,0.4,0.1239,0.1,0.1351
,,2.6,0.104,0.4,0.1316,0.4,0.124,0.1,0.1359
,,2.6,0.1041,0.4,0.1317,0.4,0.1242,0.2,0.136
,,2.5,0.1044,0.4,0.132,0.4,0.1246,0.2,0.1368
,,2.3,0.1047,0.4,0.1321,0.4,0.1248,0.2,0.137
,,2.2,0.1051,0.4,0.1322,0.4,0.1252,0.2,0.1372
,,2.2,0.1051,0.4,0.1324,0.4,0.1256,0.2,0.1376
,,2,0.1054,0.4,0.1325,0.4,0.1263,0.2,0.1379
,,1.8,0.1055,0.4,0.133,0.4,0.1269,0.2,0.1383
,,1.6,0.1059,0.4,0.1334,0.4,0.1274,0.2,0.1392
,,1.2,0.1062,0.4,0.1339,0.4,0.1277,0.2,0.1403
,,0.9,0.1066,0.4,0.1341,0.4,0.1284,0.2,0.1403
,,0.9,0.1066,0.4,0.1346,0.4,0.1284,0.2,0.1404
,,0.8,0.1068,0.4,0.1346,0.4,0.1285,0.2,0.1404
,,0.6,0.1074,0.4,0.1354,0.4,0.1289,0.2,0.1404
,,0.5,0.1077,0.4,0.1363,0.4,0.1292,0.2,0.1404
,,0.7,0.108,0.4,0.1363,0.4,0.1296,0.2,0.141
,,0.9,0.1084,0.4,0.1367,0.3,0.1297,0.2,0.1423
,,0.9,0.1085,0.4,0.1368,0.3,0.1298,0.2,0.1428
,,0.9,0.1085,0.4,0.1371,0.3,0.13,0.2,0.1438
,,0.9,0.1085,0.4,0.1374,0.3,0.1301,0.2,0.144
,,0.9,0.1086,0.5,0.1382,0.3,0.1302,0.2,0.144
,,1.2,0.1089,0.4,0.1396,0.3,0.1302,0.2,0.144
,,1.2,0.1089,0.4,0.1399,0.3,0.1303,0.2,0.1444
,,1.2,0.1089,0.4,0.1406,0.3,0.1303,0.2,0.1444
,,1.2,0.1089,0.4,0.1407,0.3,0.1303,0.2,0.1444
,,1.2,0.109,0.4,0.141,0.3,0.1303,0.2,0.1444
,,1.4,0.1094,0.4,0.1413,0.3,0.1303,0.2,0.1444
,,1.7,0.1096,0.4,0.1416,0.3,0.1306,0.2,0.1444
,,1.9,0.11,0.4,0.1417,0.3,0.1317,0.2,0.1444
,,1.9,0.1101,0.5,0.142,0.3,0.1324,0.2,0.1444
,,1.9,0.1101,0.5,0.1423,0.3,0.1327,0.2,0.1444
,,1.9,0.1101,0.5,0.1429,0.3,0.1329,0.2,0.1444
,,2.1,0.1108,0.5,0.1433,0.3,0.1331,0.2,0.1444
,,1.9,0.1114,0.5,0.1437,0.4,0.1336,0.2,0.1444
,,1.8,0.1116,0.5,0.144,0.4,0.1342,0.2,0.1444
,,1.8,0.1118,0.5,0.144,0.4,0.1348,0.2,0.1444
,,1.7,0.1119,0.5,0.1441,0.4,0.1353,0.2,0.1444
,,1.6,0.1121,0.4,0.1443,0.4,0.1354,0.2,0.1444
,,1.1,0.1125,0.4,0.1443,0.4,0.1361,,
,,0.9,0.1129,0.4,0.1444,0.4,0.1362,,
,,0.8,0.1134,0.4,0.1445,0.4,0.1365,,
,,0.5,0.1141,0.4,0.1446,0.4,0.1368,,
,,0.5,0.1143,0.4,0.1448,0.4,0.1368,,
,,0.5,0.1147,0.4,0.1448,0.4,0.1368,,
,,0.5,0.1147,0.4,0.1448,0.4,0.1368,,
,,0.6,0.115,0.4,0.1448,0.4,0.1369,,
,,0.7,0.1157,0.4,0.1448,0.4,0.1376,,
,,0.8,0.116,0.4,0.1448,0.4,0.1377,,
,,0.9,0.1164,0.4,0.1448,0.4,0.1377,,
,,1,0.1167,0.4,0.1448,0.4,0.1377,,
,,1,0.117,0.4,0.1448,0.4,0.1377,,
,,1,0.117,0.4,0.1448,0.4,0.1377,,
,,1,0.1173,0.4,0.1449,0.4,0.1377,,
,,1,0.1173,0.4,0.1449,0.4,0.1377,,
,,1,0.1173,0.4,0.1456,0.4,0.1377,,
,,1,0.1173,0.4,0.1456,0.4,0.1377,,
,,1,0.1173,0.4,0.1456,0.4,0.1377,,
,,1,0.1173,0.4,0.1456,0.4,0.1377,,
,,1,0.1176,0.4,0.1456,0.4,0.1377,,
,,0.9,0.1177,0.4,0.1456,0.4,0.1377,,
,,0.9,0.1179,0.4,0.1456,0.4,0.1377,,
,,0.8,0.1182,0.4,0.1456,0.4,0.1377,,
,,0.7,0.1188,0.4,0.1456,0.4,0.1377,,
,,0.6,0.1192,0.4,0.1456,0.4,0.1377,,
,,0.5,0.1198,,,0.4,0.1377,,
,,0.5,0.1199,,,0.4,0.1377,,
,,0.5,0.1199,,,0.4,0.1377,,
,,0.5,0.1201,,,,,,
,,0.5,0.1203,,,,,,
,,0.5,0.1205,,,,,,
,,0.4,0.1213,,,,,,
,,0.4,0.122,,,,,,
,,0.4,0.1224,,,,,,
,,0.4,0.1227,,,,,,
,,0.4,0.1231,,,,,,
,,0.4,0.1231,,,,,,
,,0.4,0.1232,,,,,,
,,0.4,0.1234,,,,,,
,,0.4,0.1237,,,,,,
,,0.4,0.1238,,,,,,
,,0.4,0.1239,,,,,,
,,0.4,0.124,,,,,,
,,0.4,0.124,,,,,,
,,0.4,0.124,,,,,,
,,0.4,0.124,,,,,,
,,0.4,0.1248,,,,,,
,,0.4,0.1254,,,,,,
,,0.4,0.1259,,,,,,
,,0.4,0.1264,,,,,,
,,0.4,0.1268,,,,,,
,,0.4,0.1271,,,,,,
,,0.4,0.1273,,,,,,
,,0.4,0.1275,,,,,,
,,0.4,0.1279,,,,,,
,,0.4,0.1285,,,,,,
,,0.4,0.1286,,,,,,
,,0.4,0.1287,,,,,,
,,0.4,0.129,,,,,,
,,0.5,0.1294,,,,,,
,,0.5,0.1298,,,,,,
,,0.5,0.13,,,,,,
,,0.5,0.1304,,,,,,
,,0.5,0.1305,,,,,,
,,0.6,0.1308,,,,,,
,,0.6,0.1311,,,,,,
,,0.6,0.1314,,,,,,
,,0.6,0.1318,,,,,,
,,0.6,0.1322,,,,,,
,,0.5,0.1328,,,,,,
,,0.5,0.1333,,,,,,
,,0.5,0.1335,,,,,,
,,0.5,0.1336,,,,,,
,,0.4,0.1339,,,,,,
,,0.4,0.1345,,,,,,
,,0.4,0.1347,,,,,,
,,0.4,0.1351,,,,,,
,,0.4,0.1354,,,,,,
,,0.4,0.1356,,,,,,
,,0.4,0.136,,,,,,
,,0.5,0.1362,,,,,,
,,0.5,0.1363,,,,,,
,,0.5,0.1363,,,,,,
,,0.5,0.1367,,,,,,
,,0.5,0.137,,,,,,
,,0.5,0.1373,,,,,,
,,0.5,0.1373,,,,,,
,,0.5,0.1374,,,,,,
,,0.5,0.1374,,,,,,
,,0.5,0.1375,,,,,,
,,0.5,0.1377,,,,,,
,,0.5,0.1377,,,,,,
,,0.5,0.1377,,,,,,
,,0.5,0.1377,,,,,,
,,0.5,0.1377,,,,,,
,,0.5,0.1378,,,,,,
,,0.5,0.1385,,,,,,
,,0.5,0.1385,,,,,,
,,0.5,0.139,,,,,,
,,0.5,0.1397,,,,,,
,,0.5,0.1399,,,,,,
,,0.4,0.1404,,,,,,
,,0.4,0.1404,,,,,,
,,0.4,0.1404,,,,,,
,,0.4,0.1405,,,,,,
,,0.4,0.1407,,,,,,
,,0.4,0.141,,,,,,
,,0.4,0.1413,,,,,,
,,0.4,0.1413,,,,,,
,,0.4,0.1413,,,,,,
,,0.4,0.1413,,,,,,
,,0.4,0.1414,,,,,,
,,0.4,0.1415,,,,,,
,,0.4,0.1417,,,,,,
,,0.4,0.1421,,,,,,
,,0.4,0.1428,,,,,,
,,0.4,0.1429,,,,,,
,,0.4,0.1437,,,,,,
,,0.4,0.1437,,,,,,
,,0.4,0.1437,,,,,,
,,0.4,0.1438,,,,,,
,,0.4,0.1438,,,,,,
,,0.4,0.144,,,,,,
,,0.4,0.1441,,,,,,
,,0.4,0.1441,,,,,,
,,0.4,0.1441,,,,,,
,,0.4,0.1442,,,,,,
,,0.4,0.1443,,,,,,
,,0.4,0.1443,,,,,,
,,0.4,0.1443,,,,,,
,,0.4,0.1443,,,,,,
,,0.4,0.1443,,,,,,
,,0.4,0.1443,,,,,,
,,0.4,0.1443,,,,,,
,,0.4,0.1443,,,,,,
